branch,head_sha,main_sha,measurement,ahead,behind,merge_base,status,changed_file_view,pr,disposition,notes,comparison_url
agent/w2-integration-current,a2449603dccbeda91729491993a4ba178ba25e34,637e60b6b044230ed24ed3118615a2e5538cae83,GitHub compare API,0,847,a2449603dccbeda91729491993a4ba178ba25e34,behind,0,,ancestor of pinned main; present-day feature survival still requires code/history,,https://github.com/delysis/native-platform/compare/637e60b6b044230ed24ed3118615a2e5538cae83...a2449603dccbeda91729491993a4ba178ba25e34
agent/w2-shell-lf-policy,c8d8f6db09e87be96f9553234a94dff7ad9831fb,637e60b6b044230ed24ed3118615a2e5538cae83,GitHub compare API,0,855,c8d8f6db09e87be96f9553234a94dff7ad9831fb,behind,0,,ancestor of pinned main; present-day feature survival still requires code/history,,https://github.com/delysis/native-platform/compare/637e60b6b044230ed24ed3118615a2e5538cae83...c8d8f6db09e87be96f9553234a94dff7ad9831fb
agent/w3-final-evidence,18fdf9457988fea76090f3ae5d1fdc3e58e9993b,637e60b6b044230ed24ed3118615a2e5538cae83,GitHub compare API,0,792,18fdf9457988fea76090f3ae5d1fdc3e58e9993b,behind,0,,ancestor of pinned main; present-day feature survival still requires code/history,,https://github.com/delysis/native-platform/compare/637e60b6b044230ed24ed3118615a2e5538cae83...18fdf9457988fea76090f3ae5d1fdc3e58e9993b
agent/w3-import-native,6e94d4dd377fd9e970999ff6a090fadbf5c16cb2,637e60b6b044230ed24ed3118615a2e5538cae83,GitHub compare API,0,794,6e94d4dd377fd9e970999ff6a090fadbf5c16cb2,behind,0,,ancestor of pinned main; present-day feature survival still requires code/history,,https://github.com/delysis/native-platform/compare/637e60b6b044230ed24ed3118615a2e5538cae83...6e94d4dd377fd9e970999ff6a090fadbf5c16cb2
agent/w4-import-fte,b427fd7c5f4af6bd708c2509a010cc5017f06609,637e60b6b044230ed24ed3118615a2e5538cae83,GitHub compare API,0,725,b427fd7c5f4af6bd708c2509a010cc5017f06609,behind,0,,ancestor of pinned main; present-day feature survival still requires code/history,,https://github.com/delysis/native-platform/compare/637e60b6b044230ed24ed3118615a2e5538cae83...b427fd7c5f4af6bd708c2509a010cc5017f06609
agent/w5-import-services,a7017421209176659035f7e407cb356615257fd5,637e60b6b044230ed24ed3118615a2e5538cae83,GitHub compare API,0,661,a7017421209176659035f7e407cb356615257fd5,behind,0,,ancestor of pinned main; present-day feature survival still requires code/history,,https://github.com/delysis/native-platform/compare/637e60b6b044230ed24ed3118615a2e5538cae83...a7017421209176659035f7e407cb356615257fd5
audit/360-evidence-20260922,49ec511d2189945c8672bdd874f3650ebc5c7083,637e60b6b044230ed24ed3118615a2e5538cae83,GitHub compare API,0,80,49ec511d2189945c8672bdd874f3650ebc5c7083,behind,0,,ancestor of pinned main; present-day feature survival still requires code/history,,https://github.com/delysis/native-platform/compare/637e60b6b044230ed24ed3118615a2e5538cae83...49ec511d2189945c8672bdd874f3650ebc5c7083
automation/easl-ax-lock-delta-53e7b7ba,3fd6d84f4e99fa340d3b0b345e45712ded917374,637e60b6b044230ed24ed3118615a2e5538cae83,not performed,,,,unknown,not inspected,81,head enumerated; relationship not recomputed,"PR81 lockfile-only review target relative to its own base, not proof that full branch is a safe merge to main.",https://github.com/delysis/native-platform/compare/637e60b6b044230ed24ed3118615a2e5538cae83...3fd6d84f4e99fa340d3b0b345e45712ded917374
automation/easl-ax-lock-ours-53e7b7ba,f9cff570edc1ac60f4965fc96c59f46d5d043e62,637e60b6b044230ed24ed3118615a2e5538cae83,not performed,,,,unknown,not inspected,,head enumerated; relationship not recomputed,Companion lock-resolution ref; no independent comparison/source inspection.,https://github.com/delysis/native-platform/compare/637e60b6b044230ed24ed3118615a2e5538cae83...f9cff570edc1ac60f4965fc96c59f46d5d043e62
chat/peer-continuous-admission,0fb755a2639b2cc14348ca3d8c9331fe206093d9,637e60b6b044230ed24ed3118615a2e5538cae83,not performed,,,,unknown,not inspected,,head enumerated; relationship not recomputed,Separate surviving ref discovered. Continuous-admission implementation and comparison not inspected; not equivalent to static batching by name.,https://github.com/delysis/native-platform/compare/637e60b6b044230ed24ed3118615a2e5538cae83...0fb755a2639b2cc14348ca3d8c9331fe206093d9
chat/peer-inference-hardening,cdd47396881cd1ae4dd78fecaa01cab7a6e7196a,637e60b6b044230ed24ed3118615a2e5538cae83,GitHub compare API,87,120,c0bcc42d8e274c9f428d3e19508709d7fa6e23ae,diverged,count not retained,63,"divergent; interpret code/history, not just ahead count",Source/test/receipt lifecycle hardening stacked by PR description on Cabals; 300-file compare view incomplete. Stack ancestry itself not recomputed.,https://github.com/delysis/native-platform/compare/637e60b6b044230ed24ed3118615a2e5538cae83...cdd47396881cd1ae4dd78fecaa01cab7a6e7196a
chat/peer-static-batching,7796c221ee1a8e4d281be3e45f3033935f6f058e,637e60b6b044230ed24ed3118615a2e5538cae83,not performed,,,,unknown,not inspected,65,head enumerated; relationship not recomputed,,https://github.com/delysis/native-platform/compare/637e60b6b044230ed24ed3118615a2e5538cae83...7796c221ee1a8e4d281be3e45f3033935f6f058e
codex/audit-cache-linearization,27f2180bf3e5a8b1e9b09993ae3b2dfdf6316da4,637e60b6b044230ed24ed3118615a2e5538cae83,GitHub compare API,0,104,27f2180bf3e5a8b1e9b09993ae3b2dfdf6316da4,behind,0,,ancestor of pinned main; present-day feature survival still requires code/history,,https://github.com/delysis/native-platform/compare/637e60b6b044230ed24ed3118615a2e5538cae83...27f2180bf3e5a8b1e9b09993ae3b2dfdf6316da4
codex/audit-ci-privacy,271664330affc04e12c31839203c2b2de612235d,637e60b6b044230ed24ed3118615a2e5538cae83,GitHub compare API,0,101,271664330affc04e12c31839203c2b2de612235d,behind,0,,ancestor of pinned main; present-day feature survival still requires code/history,,https://github.com/delysis/native-platform/compare/637e60b6b044230ed24ed3118615a2e5538cae83...271664330affc04e12c31839203c2b2de612235d
codex/audit-loom-distinct-words,d7b730a7aec686a1c5c673f9c443e54ae2719be2,637e60b6b044230ed24ed3118615a2e5538cae83,GitHub compare API,0,106,d7b730a7aec686a1c5c673f9c443e54ae2719be2,behind,count not retained,,ancestor of pinned main; present-day feature survival still requires code/history,,https://github.com/delysis/native-platform/compare/637e60b6b044230ed24ed3118615a2e5538cae83...d7b730a7aec686a1c5c673f9c443e54ae2719be2
codex/audit-loom-family,59c377fefa724f8ca93f89647778bbfedb01da71,637e60b6b044230ed24ed3118615a2e5538cae83,GitHub compare API,0,116,59c377fefa724f8ca93f89647778bbfedb01da71,behind,count not retained,,ancestor of pinned main; present-day feature survival still requires code/history,,https://github.com/delysis/native-platform/compare/637e60b6b044230ed24ed3118615a2e5538cae83...59c377fefa724f8ca93f89647778bbfedb01da71
codex/audit-native-executor,5bdb2cc74c09d1eb7aafce8c1515b4fd70051ba2,637e60b6b044230ed24ed3118615a2e5538cae83,GitHub compare API,0,105,5bdb2cc74c09d1eb7aafce8c1515b4fd70051ba2,behind,count not retained,,ancestor of pinned main; present-day feature survival still requires code/history,,https://github.com/delysis/native-platform/compare/637e60b6b044230ed24ed3118615a2e5538cae83...5bdb2cc74c09d1eb7aafce8c1515b4fd70051ba2
codex/audit-release-gates,3401f9c43762f0a83b6c7c27cf63729039fdcc1f,637e60b6b044230ed24ed3118615a2e5538cae83,GitHub compare API,0,86,3401f9c43762f0a83b6c7c27cf63729039fdcc1f,behind,count not retained,,ancestor of pinned main; present-day feature survival still requires code/history,,https://github.com/delysis/native-platform/compare/637e60b6b044230ed24ed3118615a2e5538cae83...3401f9c43762f0a83b6c7c27cf63729039fdcc1f
codex/audit-sampling-compatibility,53320b9444ac3192d30c93c5d54e175723a44944,637e60b6b044230ed24ed3118615a2e5538cae83,GitHub compare API,0,103,53320b9444ac3192d30c93c5d54e175723a44944,behind,count not retained,,ancestor of pinned main; present-day feature survival still requires code/history,,https://github.com/delysis/native-platform/compare/637e60b6b044230ed24ed3118615a2e5538cae83...53320b9444ac3192d30c93c5d54e175723a44944
codex/bounded-ci-repair,56790c6449c6ca52a8430e4f083bf109eb47f5c1,637e60b6b044230ed24ed3118615a2e5538cae83,GitHub compare API,1,136,3d5d8c46b38fa821f04f963ae233c1939561b872,diverged,count not retained,,"divergent; interpret code/history, not just ahead count",Measured divergence is only AGENTS.md and docs/browser-development.md. Documentation-only; do not infer a CI implementation change.,https://github.com/delysis/native-platform/compare/637e60b6b044230ed24ed3118615a2e5538cae83...56790c6449c6ca52a8430e4f083bf109eb47f5c1
codex/ci-efficiency,cb21e9a294deb243097838ccd4043a9bc0b25bdb,637e60b6b044230ed24ed3118615a2e5538cae83,GitHub compare API,0,127,cb21e9a294deb243097838ccd4043a9bc0b25bdb,behind,count not retained,,ancestor of pinned main; present-day feature survival still requires code/history,,https://github.com/delysis/native-platform/compare/637e60b6b044230ed24ed3118615a2e5538cae83...cb21e9a294deb243097838ccd4043a9bc0b25bdb
codex/ci-required-under-10,504175f78d73a22db612b140142a549304a4e037,637e60b6b044230ed24ed3118615a2e5538cae83,GitHub compare API,0,354,504175f78d73a22db612b140142a549304a4e037,behind,count not retained,,ancestor of pinned main; present-day feature survival still requires code/history,,https://github.com/delysis/native-platform/compare/637e60b6b044230ed24ed3118615a2e5538cae83...504175f78d73a22db612b140142a549304a4e037
codex/current-audit-remediation,4f668ef00de34435419f3cb3ee788564092d6c35,637e60b6b044230ed24ed3118615a2e5538cae83,GitHub compare API,0,168,4f668ef00de34435419f3cb3ee788564092d6c35,behind,count not retained,,ancestor of pinned main; present-day feature survival still requires code/history,,https://github.com/delysis/native-platform/compare/637e60b6b044230ed24ed3118615a2e5538cae83...4f668ef00de34435419f3cb3ee788564092d6c35
codex/delete-platform-runtime,12983d0b37442e9a66582c35c21579f1ba67a405,637e60b6b044230ed24ed3118615a2e5538cae83,GitHub compare API,0,649,12983d0b37442e9a66582c35c21579f1ba67a405,behind,count not retained,,ancestor of pinned main; present-day feature survival still requires code/history,,https://github.com/delysis/native-platform/compare/637e60b6b044230ed24ed3118615a2e5538cae83...12983d0b37442e9a66582c35c21579f1ba67a405
codex/drive-history-diffs,ba709f89fa00d95699bc62c67c06493465876836,637e60b6b044230ed24ed3118615a2e5538cae83,GitHub compare API,0,171,ba709f89fa00d95699bc62c67c06493465876836,behind,count not retained,,ancestor of pinned main; present-day feature survival still requires code/history,,https://github.com/delysis/native-platform/compare/637e60b6b044230ed24ed3118615a2e5538cae83...ba709f89fa00d95699bc62c67c06493465876836
codex/fte-graceful-quit,308f5f05a453374f03b3d3dc1c5528bf1531451a,637e60b6b044230ed24ed3118615a2e5538cae83,GitHub compare API,0,357,308f5f05a453374f03b3d3dc1c5528bf1531451a,behind,count not retained,,ancestor of pinned main; present-day feature survival still requires code/history,,https://github.com/delysis/native-platform/compare/637e60b6b044230ed24ed3118615a2e5538cae83...308f5f05a453374f03b3d3dc1c5528bf1531451a
codex/full-horizon-steward,3dbd652bed8d94e42c5b2f6ae4935471dafad41a,637e60b6b044230ed24ed3118615a2e5538cae83,GitHub compare API,0,260,3dbd652bed8d94e42c5b2f6ae4935471dafad41a,behind,0,,ancestor of pinned main; present-day feature survival still requires code/history,,https://github.com/delysis/native-platform/compare/637e60b6b044230ed24ed3118615a2e5538cae83...3dbd652bed8d94e42c5b2f6ae4935471dafad41a
codex/ghost-render-contract-20260922,2fb08be8846cc00c3b58d4e3fbefecc37e26352f,637e60b6b044230ed24ed3118615a2e5538cae83,GitHub compare API,0,83,2fb08be8846cc00c3b58d4e3fbefecc37e26352f,behind,0,,ancestor of pinned main; present-day feature survival still requires code/history,,https://github.com/delysis/native-platform/compare/637e60b6b044230ed24ed3118615a2e5538cae83...2fb08be8846cc00c3b58d4e3fbefecc37e26352f
codex/home-stretch-20260813,a6da3b8a35fdd18bb10816104624a4054f3390b4,637e60b6b044230ed24ed3118615a2e5538cae83,GitHub compare API,0,657,a6da3b8a35fdd18bb10816104624a4054f3390b4,behind,0,,ancestor of pinned main; present-day feature survival still requires code/history,,https://github.com/delysis/native-platform/compare/637e60b6b044230ed24ed3118615a2e5538cae83...a6da3b8a35fdd18bb10816104624a4054f3390b4
codex/import-completion-ci,68fd411d14e5d9444392ad2c742df5b76be31c9c,637e60b6b044230ed24ed3118615a2e5538cae83,GitHub compare API,0,121,68fd411d14e5d9444392ad2c742df5b76be31c9c,behind,0,,ancestor of pinned main; present-day feature survival still requires code/history,,https://github.com/delysis/native-platform/compare/637e60b6b044230ed24ed3118615a2e5538cae83...68fd411d14e5d9444392ad2c742df5b76be31c9c
codex/import-loom,746576b88859f7ec4ca9a03f86ef34c17aaebc13,637e60b6b044230ed24ed3118615a2e5538cae83,GitHub compare API,0,456,746576b88859f7ec4ca9a03f86ef34c17aaebc13,behind,0,,ancestor of pinned main; present-day feature survival still requires code/history,,https://github.com/delysis/native-platform/compare/637e60b6b044230ed24ed3118615a2e5538cae83...746576b88859f7ec4ca9a03f86ef34c17aaebc13
codex/import-mom,be08d82eb6d71681f78bd84bae6a37257d5c6d36,637e60b6b044230ed24ed3118615a2e5538cae83,GitHub compare API,0,548,be08d82eb6d71681f78bd84bae6a37257d5c6d36,behind,0,,ancestor of pinned main; present-day feature survival still requires code/history,,https://github.com/delysis/native-platform/compare/637e60b6b044230ed24ed3118615a2e5538cae83...be08d82eb6d71681f78bd84bae6a37257d5c6d36
codex/import-w1-contracts,afdc94eab80048ea93247e6b38f8425e918c2018,637e60b6b044230ed24ed3118615a2e5538cae83,GitHub compare API,0,617,afdc94eab80048ea93247e6b38f8425e918c2018,behind,0,,ancestor of pinned main; present-day feature survival still requires code/history,,https://github.com/delysis/native-platform/compare/637e60b6b044230ed24ed3118615a2e5538cae83...afdc94eab80048ea93247e6b38f8425e918c2018
codex/integrated-audit-fixes,748ed74964e9c611e4ccc90fdadb3046e8dfb8ef,637e60b6b044230ed24ed3118615a2e5538cae83,GitHub compare API,0,175,748ed74964e9c611e4ccc90fdadb3046e8dfb8ef,behind,0,,ancestor of pinned main; present-day feature survival still requires code/history,,https://github.com/delysis/native-platform/compare/637e60b6b044230ed24ed3118615a2e5538cae83...748ed74964e9c611e4ccc90fdadb3046e8dfb8ef
codex/loom-audit-next-87939f38,9181786c24c906a6348eaaffbc0df737d03c76fb,637e60b6b044230ed24ed3118615a2e5538cae83,GitHub compare API,1,84,87939f3873977ef2670ddab9e869ca9d5d7d1739,diverged,4,,"divergent; interpret code/history, not just ahead count",Four changed handoff/macOS smoke-helper files. Harness-only candidate; product integration not implied.,https://github.com/delysis/native-platform/compare/637e60b6b044230ed24ed3118615a2e5538cae83...9181786c24c906a6348eaaffbc0df737d03c76fb
codex/loom-automatic-v3-20260924,732a0f5e6edcbeed67aef4348f75570fee89002a,637e60b6b044230ed24ed3118615a2e5538cae83,not performed,,,,unknown,not inspected,85,head enumerated; relationship not recomputed,PR85 describes separate Automatic V3. Head recorded; branch comparison and complete implementation not inspected.,https://github.com/delysis/native-platform/compare/637e60b6b044230ed24ed3118615a2e5538cae83...732a0f5e6edcbeed67aef4348f75570fee89002a
codex/loom-cabals-signal,a7daf722392cf9122bf7adbe95096ba6cf9f98f8,637e60b6b044230ed24ed3118615a2e5538cae83,GitHub compare API,76,120,c0bcc42d8e274c9f428d3e19508709d7fa6e23ae,diverged,300-cap,49,"divergent; interpret code/history, not just ahead count","Cabals, Signal, peer compute, separate Signal workspace; 300-file compare view incomplete.",https://github.com/delysis/native-platform/compare/637e60b6b044230ed24ed3118615a2e5538cae83...a7daf722392cf9122bf7adbe95096ba6cf9f98f8
codex/loom-completion-lens-attachments,3f245fddc65f2d94e47b680abfb08e7f4b532cac,637e60b6b044230ed24ed3118615a2e5538cae83,GitHub compare API,0,247,3f245fddc65f2d94e47b680abfb08e7f4b532cac,behind,0,,ancestor of pinned main; present-day feature survival still requires code/history,,https://github.com/delysis/native-platform/compare/637e60b6b044230ed24ed3118615a2e5538cae83...3f245fddc65f2d94e47b680abfb08e7f4b532cac
codex/loom-completion-lifecycle,034eef953a751d8d1031655da872f23d3290b876,637e60b6b044230ed24ed3118615a2e5538cae83,GitHub compare API,0,324,034eef953a751d8d1031655da872f23d3290b876,behind,0,,ancestor of pinned main; present-day feature survival still requires code/history,,https://github.com/delysis/native-platform/compare/637e60b6b044230ed24ed3118615a2e5538cae83...034eef953a751d8d1031655da872f23d3290b876
codex/loom-connected-collections,d95b4c1dca08db3e002984577f2e4ed45dff783b,637e60b6b044230ed24ed3118615a2e5538cae83,not performed,,,,unknown,not inspected,59,head enumerated; relationship not recomputed,PR59 describes connected collections/source navigation. Some earlier selection work is incorporated elsewhere; full branch equality not established.,https://github.com/delysis/native-platform/compare/637e60b6b044230ed24ed3118615a2e5538cae83...d95b4c1dca08db3e002984577f2e4ed45dff783b
codex/loom-easl-main-integration,54b955336590e97c04f40f2548c8a271d9c2b2ba,637e60b6b044230ed24ed3118615a2e5538cae83,GitHub compare API,50,120,c0bcc42d8e274c9f428d3e19508709d7fa6e23ae,diverged,300-cap,73,"divergent; interpret code/history, not just ahead count",Large native editor/text/compiler stack plus convergence changes; 300-file compare view incomplete; PR73 complete filename response inspected but not fully retained in this artifact.,https://github.com/delysis/native-platform/compare/637e60b6b044230ed24ed3118615a2e5538cae83...54b955336590e97c04f40f2548c8a271d9c2b2ba
codex/loom-easl-native,78392f82762193b3c3f107d981c280f15d727b5d,637e60b6b044230ed24ed3118615a2e5538cae83,not performed,,,,unknown,not inspected,,head enumerated; relationship not recomputed,Older EASL line; relationship to current EASL integration head not recomputed.,https://github.com/delysis/native-platform/compare/637e60b6b044230ed24ed3118615a2e5538cae83...78392f82762193b3c3f107d981c280f15d727b5d
codex/loom-editor-context-speech,eaf1e1dccc7c2109a622dd3b303d8008ecc6d8ef,637e60b6b044230ed24ed3118615a2e5538cae83,GitHub compare API,0,237,eaf1e1dccc7c2109a622dd3b303d8008ecc6d8ef,behind,0,,ancestor of pinned main; present-day feature survival still requires code/history,,https://github.com/delysis/native-platform/compare/637e60b6b044230ed24ed3118615a2e5538cae83...eaf1e1dccc7c2109a622dd3b303d8008ecc6d8ef
codex/loom-enable-isolation-repair-20260922,2b6cd36d4dc3131bafaa3c7dd83d55538ed0ca2b,637e60b6b044230ed24ed3118615a2e5538cae83,not performed,,,,unknown,not inspected,,head enumerated; relationship not recomputed,,https://github.com/delysis/native-platform/compare/637e60b6b044230ed24ed3118615a2e5538cae83...2b6cd36d4dc3131bafaa3c7dd83d55538ed0ca2b
codex/loom-folder-sources,412dd436a37ae38ae06c49de5224650c8ddf99ba,637e60b6b044230ed24ed3118615a2e5538cae83,GitHub compare API,0,130,412dd436a37ae38ae06c49de5224650c8ddf99ba,behind,0,,ancestor of pinned main; present-day feature survival still requires code/history,,https://github.com/delysis/native-platform/compare/637e60b6b044230ed24ed3118615a2e5538cae83...412dd436a37ae38ae06c49de5224650c8ddf99ba
codex/loom-material-references,45c416f200b1a73500644ac4c9fed9ec38036661,637e60b6b044230ed24ed3118615a2e5538cae83,GitHub compare API,9,162,fb3a1b2d5d64b85d148d064cda908912b689347c,diverged,returned changed-file list; exact count not retained,52,"divergent; interpret code/history, not just ahead count","Nine non-ancestor commits, but PR52 records incorporation and main has material/neural-function surfaces. Exact patch-equivalence not proved.",https://github.com/delysis/native-platform/compare/637e60b6b044230ed24ed3118615a2e5538cae83...45c416f200b1a73500644ac4c9fed9ec38036661
codex/loom-material-workflows,a1db244d2371d50dec7204a8dde3ab1cd2978c07,637e60b6b044230ed24ed3118615a2e5538cae83,GitHub compare API,0,155,a1db244d2371d50dec7204a8dde3ab1cd2978c07,behind,0,,ancestor of pinned main; present-day feature survival still requires code/history,,https://github.com/delysis/native-platform/compare/637e60b6b044230ed24ed3118615a2e5538cae83...a1db244d2371d50dec7204a8dde3ab1cd2978c07
codex/loom-platform-contract-tests,8c8ece4ec20ae9dcecd18eac8c5e677babbd10f6,637e60b6b044230ed24ed3118615a2e5538cae83,GitHub compare API,0,137,8c8ece4ec20ae9dcecd18eac8c5e677babbd10f6,behind,0,,ancestor of pinned main; present-day feature survival still requires code/history,,https://github.com/delysis/native-platform/compare/637e60b6b044230ed24ed3118615a2e5538cae83...8c8ece4ec20ae9dcecd18eac8c5e677babbd10f6
codex/loom-quiet-defaults,d7e4ae92b33690980d24619fa152b3f3ff8da1d4,637e60b6b044230ed24ed3118615a2e5538cae83,GitHub compare API,0,165,d7e4ae92b33690980d24619fa152b3f3ff8da1d4,behind,0,,ancestor of pinned main; present-day feature survival still requires code/history,,https://github.com/delysis/native-platform/compare/637e60b6b044230ed24ed3118615a2e5538cae83...d7e4ae92b33690980d24619fa152b3f3ff8da1d4
codex/loom-raw-output-fidelity,41c4c8c257a2e1ac3b4867a8e8bfcee1de16689f,637e60b6b044230ed24ed3118615a2e5538cae83,GitHub compare API,1,161,40a5a47278cd1e9a1463ea906ca1a0001d368f08,diverged,1,55,"divergent; interpret code/history, not just ahead count",One non-ancestor adapter change; PR55 records merged fidelity work. Do not treat ahead count as proof of a missing feature.,https://github.com/delysis/native-platform/compare/637e60b6b044230ed24ed3118615a2e5538cae83...41c4c8c257a2e1ac3b4867a8e8bfcee1de16689f
codex/loom-streaming-preview-repair-20260922,84de38dce5d80db53d42340c97414b16e6910970,637e60b6b044230ed24ed3118615a2e5538cae83,not performed,,,,unknown,not inspected,76,head enumerated; relationship not recomputed,,https://github.com/delysis/native-platform/compare/637e60b6b044230ed24ed3118615a2e5538cae83...84de38dce5d80db53d42340c97414b16e6910970
codex/loom-visual-authority-followup-20260924,c3faf83113f80ac91058f3633243bbd83b25285f,637e60b6b044230ed24ed3118615a2e5538cae83,GitHub compare API,0,1,c3faf83113f80ac91058f3633243bbd83b25285f,behind,0,86,ancestor of pinned main; present-day feature survival still requires code/history,,https://github.com/delysis/native-platform/compare/637e60b6b044230ed24ed3118615a2e5538cae83...c3faf83113f80ac91058f3633243bbd83b25285f
codex/macos-development-gate,5fc16eacf2ce504fe33c29203b98f407a1b45425,637e60b6b044230ed24ed3118615a2e5538cae83,GitHub compare API,0,173,5fc16eacf2ce504fe33c29203b98f407a1b45425,behind,0,,ancestor of pinned main; present-day feature survival still requires code/history,,https://github.com/delysis/native-platform/compare/637e60b6b044230ed24ed3118615a2e5538cae83...5fc16eacf2ce504fe33c29203b98f407a1b45425
codex/mom-loom-convergence,a43231626f5deb4ad8f6f08beb36dca40a236270,637e60b6b044230ed24ed3118615a2e5538cae83,not performed,,,,unknown,not inspected,47,head enumerated; relationship not recomputed,PR47 describes shared desktop services/SQLCipher vault and Mine/Mama configuration. Not main private-storage policy.,https://github.com/delysis/native-platform/compare/637e60b6b044230ed24ed3118615a2e5538cae83...a43231626f5deb4ad8f6f08beb36dca40a236270
codex/native-hidden-state-training,e8a2393788a47723e48d13dfc7d2b29125f01f27,637e60b6b044230ed24ed3118615a2e5538cae83,not performed,,,,unknown,not inspected,54,head enumerated; relationship not recomputed,PR54 describes bounded residual/hidden-state research; not full base-weight training and not validated learning efficacy.,https://github.com/delysis/native-platform/compare/637e60b6b044230ed24ed3118615a2e5538cae83...e8a2393788a47723e48d13dfc7d2b29125f01f27
codex/omp2-provider-adoption,691e9af00e4804588badf061c48a7b19bab6786a,637e60b6b044230ed24ed3118615a2e5538cae83,GitHub compare API,0,139,691e9af00e4804588badf061c48a7b19bab6786a,behind,0,,ancestor of pinned main; present-day feature survival still requires code/history,,https://github.com/delysis/native-platform/compare/637e60b6b044230ed24ed3118615a2e5538cae83...691e9af00e4804588badf061c48a7b19bab6786a
codex/platform-runtime-delete,42dbc0c6b38acb5b9c6af098e75e99db5bbb252c,637e60b6b044230ed24ed3118615a2e5538cae83,GitHub compare API,0,651,42dbc0c6b38acb5b9c6af098e75e99db5bbb252c,behind,0,,ancestor of pinned main; present-day feature survival still requires code/history,,https://github.com/delysis/native-platform/compare/637e60b6b044230ed24ed3118615a2e5538cae83...42dbc0c6b38acb5b9c6af098e75e99db5bbb252c
codex/postmerge-windows-portability,8921a16075f593c671498f3b21f5cbf0608ceefd,637e60b6b044230ed24ed3118615a2e5538cae83,GitHub compare API,0,250,8921a16075f593c671498f3b21f5cbf0608ceefd,behind,0,,ancestor of pinned main; present-day feature survival still requires code/history,,https://github.com/delysis/native-platform/compare/637e60b6b044230ed24ed3118615a2e5538cae83...8921a16075f593c671498f3b21f5cbf0608ceefd
codex/pr75-astra-handoff-20260922,8f935c54edb55c3920ee0c5150b4160650c1c82b,637e60b6b044230ed24ed3118615a2e5538cae83,GitHub compare API,3,3,3897641f3ac5eb8a3f5a89f6ec9affd969ae1362,diverged,6,77,"divergent; interpret code/history, not just ahead count",PR77 original merged head was 3897641; surviving ref advanced three commits beyond it. Six controller/ghost/harness files; later main86 overlaps.,https://github.com/delysis/native-platform/compare/637e60b6b044230ed24ed3118615a2e5538cae83...8f935c54edb55c3920ee0c5150b4160650c1c82b
codex/pr75-pro-handoff-20260922,050672127b735df0fba6c0a55dd09de23dad79e8,637e60b6b044230ed24ed3118615a2e5538cae83,not performed,,,,unknown,not inspected,,head enumerated; relationship not recomputed,,https://github.com/delysis/native-platform/compare/637e60b6b044230ed24ed3118615a2e5538cae83...050672127b735df0fba6c0a55dd09de23dad79e8
codex/pr77-990977-integration-20260923,d15e85f7e00161bd2b0e0ae84a822b51126777c3,637e60b6b044230ed24ed3118615a2e5538cae83,not performed,,,,unknown,not inspected,,head enumerated; relationship not recomputed,,https://github.com/delysis/native-platform/compare/637e60b6b044230ed24ed3118615a2e5538cae83...d15e85f7e00161bd2b0e0ae84a822b51126777c3
codex/pr77-native-focus-stabilization-20260924,e8e55d58572d14e884e474e23d4f8aae9fc93f53,637e60b6b044230ed24ed3118615a2e5538cae83,not performed,,,,unknown,not inspected,,head enumerated; relationship not recomputed,,https://github.com/delysis/native-platform/compare/637e60b6b044230ed24ed3118615a2e5538cae83...e8e55d58572d14e884e474e23d4f8aae9fc93f53
codex/production-release-gates,f25c53129d962cc4c492b36a534ac18b01c77664,637e60b6b044230ed24ed3118615a2e5538cae83,not performed,,,,unknown,not inspected,,head enumerated; relationship not recomputed,,https://github.com/delysis/native-platform/compare/637e60b6b044230ed24ed3118615a2e5538cae83...f25c53129d962cc4c492b36a534ac18b01c77664
codex/remove-legacy-ci,d67441a6269cc5810cb01fc973684eaeb4f90315,637e60b6b044230ed24ed3118615a2e5538cae83,not performed,,,,unknown,not inspected,,head enumerated; relationship not recomputed,,https://github.com/delysis/native-platform/compare/637e60b6b044230ed24ed3118615a2e5538cae83...d67441a6269cc5810cb01fc973684eaeb4f90315
codex/review-remediation,493846195dc0472c442af4cb2776bb904e2be5f5,637e60b6b044230ed24ed3118615a2e5538cae83,not performed,,,,unknown,not inspected,,head enumerated; relationship not recomputed,,https://github.com/delysis/native-platform/compare/637e60b6b044230ed24ed3118615a2e5538cae83...493846195dc0472c442af4cb2776bb904e2be5f5
codex/turbo-imports,7abe5a9c8f4bc6151941558b0a330b07644f9744,637e60b6b044230ed24ed3118615a2e5538cae83,not performed,,,,unknown,not inspected,,head enumerated; relationship not recomputed,,https://github.com/delysis/native-platform/compare/637e60b6b044230ed24ed3118615a2e5538cae83...7abe5a9c8f4bc6151941558b0a330b07644f9744
codex/w8-sqlite-prep,52765e2e4a2265eaec0f53fd3dfa433362e40b98,637e60b6b044230ed24ed3118615a2e5538cae83,not performed,,,,unknown,not inspected,,head enumerated; relationship not recomputed,,https://github.com/delysis/native-platform/compare/637e60b6b044230ed24ed3118615a2e5538cae83...52765e2e4a2265eaec0f53fd3dfa433362e40b98
codex/w9-lean,aca1f850f6ef37d23a06b7a17f26c334674aef95,637e60b6b044230ed24ed3118615a2e5538cae83,not performed,,,,unknown,not inspected,,head enumerated; relationship not recomputed,,https://github.com/delysis/native-platform/compare/637e60b6b044230ed24ed3118615a2e5538cae83...aca1f850f6ef37d23a06b7a17f26c334674aef95
codex/w10-archive-smoke,bf3d20c31b3151939804b02418b1f84755e2e4f6,637e60b6b044230ed24ed3118615a2e5538cae83,not performed,,,,unknown,not inspected,,head enumerated; relationship not recomputed,,https://github.com/delysis/native-platform/compare/637e60b6b044230ed24ed3118615a2e5538cae83...bf3d20c31b3151939804b02418b1f84755e2e4f6
codex/w10-current-model-evidence,fa2d7049a9bb90fef597cb0189f253cef1ae760a,637e60b6b044230ed24ed3118615a2e5538cae83,not performed,,,,unknown,not inspected,,head enumerated; relationship not recomputed,,https://github.com/delysis/native-platform/compare/637e60b6b044230ed24ed3118615a2e5538cae83...fa2d7049a9bb90fef597cb0189f253cef1ae760a
codex/w10-honest-stability,eea1e4af8d05c87626464177b596af48659d16f9,637e60b6b044230ed24ed3118615a2e5538cae83,not performed,,,,unknown,not inspected,,head enumerated; relationship not recomputed,,https://github.com/delysis/native-platform/compare/637e60b6b044230ed24ed3118615a2e5538cae83...eea1e4af8d05c87626464177b596af48659d16f9
codex/w10-release,5a831160e575703626da4af511fa0af2748a6557,637e60b6b044230ed24ed3118615a2e5538cae83,not performed,,,,unknown,not inspected,,head enumerated; relationship not recomputed,,https://github.com/delysis/native-platform/compare/637e60b6b044230ed24ed3118615a2e5538cae83...5a831160e575703626da4af511fa0af2748a6557
codex/w10-release-weight-scan,50a8f797b1143c0517312dcf465c508dc76ed166,637e60b6b044230ed24ed3118615a2e5538cae83,not performed,,,,unknown,not inspected,,head enumerated; relationship not recomputed,,https://github.com/delysis/native-platform/compare/637e60b6b044230ed24ed3118615a2e5538cae83...50a8f797b1143c0517312dcf465c508dc76ed166
codex/w10-smoke-identity,e339467c716156cec3149e44971c334240eda32b,637e60b6b044230ed24ed3118615a2e5538cae83,not performed,,,,unknown,not inspected,,head enumerated; relationship not recomputed,,https://github.com/delysis/native-platform/compare/637e60b6b044230ed24ed3118615a2e5538cae83...e339467c716156cec3149e44971c334240eda32b
codex/w10-windows-followup,e5f6f595f9a3b288987bb638d70a66d81e8f1990,637e60b6b044230ed24ed3118615a2e5538cae83,not performed,,,,unknown,not inspected,,head enumerated; relationship not recomputed,,https://github.com/delysis/native-platform/compare/637e60b6b044230ed24ed3118615a2e5538cae83...e5f6f595f9a3b288987bb638d70a66d81e8f1990
main,637e60b6b044230ed24ed3118615a2e5538cae83,637e60b6b044230ed24ed3118615a2e5538cae83,identity,0,0,637e60b6b044230ed24ed3118615a2e5538cae83,identical,count not retained,,audit baseline,,https://github.com/delysis/native-platform/compare/637e60b6b044230ed24ed3118615a2e5538cae83...637e60b6b044230ed24ed3118615a2e5538cae83
maintenance/phil-cache-identity-20260916,45b855790613b18fb938e82037aca6282cba2308,637e60b6b044230ed24ed3118615a2e5538cae83,not performed,,,,unknown,not inspected,,head enumerated; relationship not recomputed,,https://github.com/delysis/native-platform/compare/637e60b6b044230ed24ed3118615a2e5538cae83...45b855790613b18fb938e82037aca6282cba2308
